url_path,views_total,views_unique
/Julia-Tempering/Pigeons.jl,41,19
/Julia-Tempering/Pigeons.jl/tree/main/src,37,3
/Julia-Tempering/Pigeons.jl/tree/main,18,2
/Julia-Tempering/Pigeons.jl/tree/main/ext,16,1
/Julia-Tempering/Pigeons.jl/tree/main/src/targets,15,2
/Julia-Tempering/Pigeons.jl/blob/main/src/explorers/SliceSampler.jl,15,1
/Julia-Tempering/Pigeons.jl/tree/main/ext/PigeonsBridgeStanExt,15,1
/Julia-Tempering/Pigeons.jl/tree/main/src/explorers,14,2
/Julia-Tempering/Pigeons.jl/blob/main/ext/PigeonsBridgeStanExt/state.jl,14,1
/Julia-Tempering/Pigeons.jl/blob/main/ext/PigeonsBridgeStanExt/interface.jl,13,1
